Partisan Records,Interscope Records,Republic Records,Concord,Atlantic Records,Nettwerk,Integrity Music,EMPIRE,Armada,T-Series,Epitaph,MNRK,Epic,Play Two,MONSTERCAT,Kontor Records,Napalm Records,Cooking Vinyl,SM Entertainment,Wagram Music,10K Projects,Avex,Sub Pop Records,Domino 1,Domino 2,Domino 3,Domino 4,ATO Records,Ziiki Media 1,Ziiki Media 2,Ziiki Media 3,Ziiki Media 4,Lofi Records,AntiFragile Music,Pony Canyon,LoudKult,Big Machine Label Group,SHARPTONE,Ninja Tune,Hopeless Records,frtyfve
Angélica Garcia,2PAC,41,Allison Russell,ABBA,Abby Sage,Aaron Williams,Nana Blank,Armin van Buuren,HIMANSH,A Day To Remember,Underoath,21 Lil Harold,Abou Tall,A.M.R,Scooter,LPs by Napalm,Alison Moyet,aespa,/,Artemas,Austin George,Aeon Station,SASAMI,Dan Deacon,King Creosote,Robert Wyatt,Adrian Quesada,Patoranking,Mwana Fa,Semi Tee,Muhfaad,Tibeauthetraveler,TIA GOSTELOW,aiko,Lucas Estrada,Aaron Lewis,,49th & Main,,
Aoife Nessa Frances,42 Dugg,AJR,Amythyst Kiah,Aretha Franklin,Aesthetic Sounds,Afrobeats Worship,Mr. Yabatan,ARTY,FALAK,Adult Mom,Ace Frehley,Absolutely,Adeline Lovo,AC Slater,Armin Van Buuren,*conditions,Beth Nielsen Chapman,EXO,ALPHA BLONDY,Ice Spice,Billianne,Alan Sparhawk,Panda Bear,Deakin,LA Priest,Rustin Man,Alabama Shakes,Stonebwoy,"Diamond ""Platnumz""",DJ Ganyani,J Star,"Just released ""Nocturnal Reveries""",GEORGE BARNETT,秋田慎治,Alex Alexander,Badflower,,A Winged Victory For The Sullen,,Rachel Grae
Beth Orton,6LACK,Amy Winehouse,Andrew Bird,Arthur Conley,Aisha Badru,Anchor Hymns,enra,Lilly Palmer,POOJA SALVI,aldrch,Elijah Blake,AG Club,Agatchu,ALLKNIGHT,Leony,,Dave Rowntree,GIRLS’ GENERATION,ARTHUR THOMAS,Trippie Redd,BKAYE,Amen Dunes,"Bonnie ""Prince"" Billy",Ela Minus,Lawrence Hart,SASAMI,Allen Stone,Onos Ariyo,Darassa,De Mogul SA,,Belgium,ARI HICKS,阿部真央,Madism,Brantley Gilbert,,Abra,,Mackenzy Mackay
Blondshell,Allison Ponthier,Angelina Jordan,Archetypes Collide,B.O.B.,Akīn,Citizens,Marty Friedman,Eelke Kleijn,Sherlyn Chopra,Alkaline Trio,Jaz Karis,Alice Chater,Amoure,ARMNHMR,DJ Antoine,,Del Amitri,GOT the beat,AYO,YTB Fatt,DIRTYXAN,Beach House,Ela Minus,Fat Dog,Martin Courtney,Shirley Collins,Altin Gün,R2Bees,Nadia Mukami,Solly Mahlangu,,,SHAMIR,アイドリング！！！,Blinded Hearts,Brett Young,,Actress,,Cate Downey
Body Meat,Amaarae,Anitta,Avi Kaplan,Bad Company,Alaskan Tapes,David & Nicole Binion,Chika Takei,Loud Luxury,Adnan Sami,Architects,The Lumineers,Andre 3000,Anabel,ATLiens,Nora En Pure,,Fickle Friends,NCT,BERTRAND BELIN,Octavian,Distant Matter,Bob’s Burgers,Alan Braxe & Friends,Fat White Family,Melody's Echo Chamber,Sorry,Amanda Shires,Praiz,Khaligraph Jones,Mampintsa,,,CANNONS,亜沙,Braaten & Chrit Leaf,Brian Kelley,,Amon Tobin,,ASTON
Bombino,Amber Mark,Anthony Ramos,Bella White,Bee Gees,Alayna,Dwan Hill,SPINNIN RONIN,D.O.D,Himesh Reshamiya,Babebee,Pop Evil,Baby Jungle,Angelcy,ATTLAS,Lost Frequencies,,Isobel Campbell,NCT 127,BIGARANX,Dthang,Nick Tobias,Boeckner,Alex Izenberg,Flasher,Motion Graphics,Stephen Malkmus,Black Pumas,Shatta Wale,KING KAKA,Swazi,,,The Tech Thieves,天野月,Tullio,Carly Pearce,,Andreya Triana,,gavn!
Cameron Winter,Amirah,Any Gabrielly,Bill Evans,Ben E King,Allman Brown,FAITHFUL,IC4DESIGN,Themba,Sonu Nigam,Bad Religion,High on Fire,BEAM,Anne Sila,AUDIA,VIZE,,Jon Fratelli,NCT DREAM,BREEZY CRUST,Hailey Knox,Sadie Jean,Bret McKenzie,Alex Turner,Franz Ferdinand,my bloody valentine,Stephen Malkmus & The Jicks,Blind Pilot,,,,,,HOLLIS,天野月子,Lëo,Chase McDaniel,,Anz,,Liang Lawrence
Cigarettes After Sex,Anyma,AP Dhillon,Billy Gibbons,Bette Midler,altopalo,homage,MICO,Ferry Corsten,Sneha Ullal,Bad Suns,,BIA,Antonny Drew,AVANCE,Neptunica,,Ladytron,NCT WISH,CALLING MARIAN,Rich Amiri,Sophie Holohan,Bria Salmena,Alison Mosshart,George FitzGerald,NÉRIJA,Steve Mason,Brigitte Calls Me Baby,,,,,,MARTIAL SIMON,新井 満,Anton Fargau Petrini,Chris Janson,,Ash Koosha,,Clide
Cymande,Ari Lennox,Ariana Grande,Billy Strings,Big Scarr,Amistat,ICF Worship,Rin Nakashima,Miss Monique,Sandali Sinha,Beach Rats,,daydreamers,Asaf Avidan,Ace Aura,Jerome,My Account,Le Trio Joubran,Red Velvet,CAMILLE LELLOUCHE,Surfaces,TWINSICK,The Bug Club,Animal Collective,Georgia,Night Moves,The Kills,Briscoe,,,,,,PROXIMA PARADA,あらき,Niklas Blumenthaler,Conner Smith,,Austin Peralta,,
DJ Rashad,Arin Ray,Autumn!,Butcher Brown,Bobby Darin,Angus & Julia Stone,KE'ERRON,Yoshida Brothers,Jan Blomqvist,Ganesh Hegde,Bring Me The Horizon,,DDG,Baptiste Ventadour,Afinity,,Log In,Martha Wainwright,RIIZE,CASSEURS FLOWTERS,COIN,,Built To Spill,Anna Calvi,Hayden Thorpe,One True Pairing,The Last Shadow Puppets,Chicano Batman,,,,,,FOX STEVENSON,THE ALFEE,DNT RYE,Daughtry,,Autolaser,,
Ezra Collective,Avicii,Ayra Starr,Caroline Spence,Booker T & the MGs,Ann Annie,LEELAND,Marco Tempest,Will Clarke,Kumar Sanu,Chad Tepper,,Divide,Barack Adama,Aftruu,,Compare Products,Paul Kelly,SHINee,CORNEILLE,Sxmpra,,Bully,Arctic Monkeys,Hen Ogledd,Owen Pallett,The Pastels,CIVIC,,,,,,BIRDTALKER,Ange☆Reve,Milwin,Dolly Parton,,bad tuner,,
Fela Kuti,Bad Gyal,Bastille,Ceramic Animal,Brandy,Anna Mieke,Leslie Jordan,Alexa Meade,Yulia Niko,Agam Kumar Nigam,Cold Hart,,DJ Esco,Basada,Alan Walker,,Create an Account,Roger Waters,SUPER JUNIOR,DFILS,Summrs,,Cartel Madras,Arlo Day,Hot Chip,Panda Bear,The Range,Cordovas,,,,,,MARINA MAXIMILIAN,ART－SCHOOL,Michel Fannoun,Dylan Matthew,,BARRY CAN’T SWIM,,
Femi Kuti,Bas,BENEE,Chase Atlantic,Buffalo Springfield,Anomalie,Local Sound,NEO-Geisha,Joachim Pastor,Harbhajan Mann,Converge,,Doe Boy,Basile Palace,Angara,,Skip to Content,Rosie Frater-Taylor,SuperM,DIESON SAMBA,0T7 Quanny,,Chad VanGaalen,Austra,Jaakko Eino Kalevi,Peter Perrett,Tirzah,Danny Barnes,,,,,,MAYBIRD,aagna,,Eli Young Band,,Ben Böhmer,,
Geese,Ben Platt,Billy Porter,Chelsea Wolfe,Chic,april june,Lucy Grimble,Circus of Now,Low Steppa,Manoj Tiwari,Dan Andriano & The Bygones,,Eddie Benjamin,Benny Adam,Anita Tatlow,,,Sam Lee,TVXQ!,DOMINIQUE A,Between Friends,,CHAI,Avey Tare,James Yorkston,Porches,Villagers,Deer Tick,,,,,,HUXLXY,石原夏織,,Florida Georgia Line,,BICEP,,
Grian Chatten,Benny Blanco,Birdman,Chick Corea,Christina Perri,Ark Patrol,Matt Redman,Han Ahn Soon,Hannah Laing,Rakesh Bapat,Death Lens,,Fiona Apple,BLK140,Arcando,,,Stornoway,WayV,DREA DURY,The Living Tombstone,,Charlie Gabriel,Beth Gibbons,Joe Goddard,Pram,Wet Leg,Drive-By Truckers,,,,,,HAERTS,市原ひかり,,Gary LeVox,,Big Gigantic,,
HONESTY,Billie Eilish,Bo Burnham,Common,Cream,Asha Jefferies,Mission House,Jordan Rubin,AVIRA,Priyanshu Chatterjee,Defeater,,Giveon,Bolemvn,Asketa,,,,,FATOUMATA DIAWARA,Internet Money,,clipping.,Bill Ryder-Jones,John Cale,Protomartyr,Will Oldham,Dylan LeBlanc,,,,,,JAMIE DRAKE,泉谷しげる,,Glen Campbell,,Big Wild,,
IDLES,BLACKPINK,Bryant Barnes,Creedence Clearwater Revival,Crosby Stills & Nash,awfultune,Mitch Wong,Kurt Wenner,Laura van Dam,Shefali Zariwala,Desaparecidos,,Gyakie,Bonneville,Au5,,,The Bronx,,FÉFÉ,Jessica Baio,,Corridor,"Bonnie ""Prince"" Billy",Jon Hopkins,Real Estate,Wilma Archer,Emily King,,,,,,RUTHANNE,164,,Greylan James,,Big Wild,,
Just Mustard,blink-182,Bryce Leatherwood,Daffo,Donny Hathaway,Axel Flóvent,Mozaiek Worship,Shuichi Hidano,Jess Bays,Himanshu Malik,Descendents,,H3rizon,Boubson,Aviella,,Menu,The Jordan,,FLORAN,Journey Montana,,DEBBY FRIDAY,Braxe + Falcon,Julia Holter,Richard Dawson,Yorkston/Thorne/Khan,Friko,,,,,,FORREST DAY,岩崎良美,,Jackson Dean,,"Black Country, New Road",,
Laura Marling,Bow Anderson,Camylio,Dan Auerbach,Dusty Springfield,Bad Snacks,New Life Worship,Teppei Nakamura,Sunnery James & Ryan Marciano,Dinesh Lal Yadav,Dolo Tonight,,Headie One,Bruno Dias,Ayda Rose,,By Napalm,The Rifles,,FLORENT MARCHET,Sunday Scaries,,Deep Sea Diver,Buscabulla,,,,Grace Cummings,,,,,,THE LUKA STATE,w－inds．,,Justin Moore,,BNJMN,,
Léa Sen,boygenius,Chelsea Cutler,Denzel Curry,Flo Rida,Bad Sounds,OUTBREAKBAND,Filippo ioco,Anna Tur,Romee Khan,DOOM REGULATOR,,J. Rey Soul,Camélia Jordana,BEAUZ,,CDs,The Zombies,,GENERAL ELEKTRIKS,Che,,Deeper,Cass McCombs,,,,Honey Harper,,,,,,MIPSO,内田真礼,,Kidd G,,Bonobo,,
Lip Critic,BOYNEXTDOOR,CHINCHILLA,Devon Gilfillian,Foreigner,,Paul Baloche,Misa Kuranaga,Carly Wilford,,DRAIN,,Jabari,Camille Lellouche,BKAYE,,LPs,,,GOLDSTONE,Jaydes,,Downtown Boys,Cat Power,,,,Jim James,,,,,,DUNCAN SHEIK,うじたまい,,Kristian Bush,,Brandon Coleman,,
Maple Glider,BTS,Chxrry22,DIIV,Genesis,,Philippa Hanna,BANDALOOP,Maxim Lany,,DREGG,,John K,Camille Schneyder,BT,,Boxsets,Willy Mason,,GRAVIITY,Autumn,,Earth,Clinic,,,,Joseph,,,,,,ELIZABETH,eill,,Lady A,,Brian Nasty,,
NoSo,Camila Cabello,City Morgue,Early James,Gnarls Barkley,,Phil Thompson,Emi Meyer,Pretty Pink,,Dropkick Murphys,,Joy Crookes,Carbonne,Bad Computer,,Exclusive,Altered Images,,GRINGE,Chezile,,FACS,,,,,King Gizzard & The Lizard Wizard,,,,,,CRAIG CARDIFF,a子,,Lecade,,BRONSON,,
PJ Harvey,Cashmere Cat,Claire Rosinkranz,Esperanza Spalding,Hall & Oates,,REVERE,Barrage 8,Giorgia Angiuli,,Early Eyes,,Judas Priest,Cashmire,Banaati,,CDs,Billy Bragg,,GS,Salem Ilese,,Father John Misty,,,,,Lee Ann Womack,,,,,,AODHAN,A．B．C－Z,,Lillian Hepler,,BRTSH KNIGHTS,,
Skinny Pelembe,Chino Pacas,Conan Gray,Ghost,Hootie & the Blowfish,,Sarah Kroger,Sh0h,,,Escape The Fate,,Lamb Of God,Celestal,Bertie Scott,,LPs,David Lowery,,HD LA RELÈVE,Dro Kenji,,Flight of the Conchords,,,,,Leo Kottke & Mike Gordon,,,,,,JAKE ISAAC,AiRBLUE,,Mackenzie Carpenter,,The Bug,,
Sun’s Signature,Cuco,Confidence Man,Gov’t Mule,In The Heights (Original Motion Picture Soundtrack),,Sandra McCracken,EL Squad,,,Every Time I Die,,Lil 1 DTE,Cenzo,Bishu,,Tapes,Don Letts,,HULK VAN JMF,Kenzo Balla,,Flock of Dimes,,,,,Les Claypool’s Duo De Twang,,,,,,BRONZE RADIO RETURN,X1,,Mae Estes,,Carlita,,
TTSSFU,d4vd,Daddy Yankee,Grace Potter,INXS,,Shout Praises Kids,DJ Ami,,,Fake Names,,Madison Beer,Céphaz,Blanke,,Merch,Gogol Bordello,,HÉLÈNE SIO,Natalie Jane,,The Fluid,,,,,Margaret Glaspy,,,,,,MOTHERFOLK,NSP,,Midland,,Chet Porter,,
Ultraísta,Dababy,Daniel Caesar,HEALTH,Jagged Little Pill (Original Broadway Cast Recording),,Songs From The Soil,NovaYa Laser Harp,,,Falling In Reverse,,Mariah The Scientist,Curtis Kane,Blood Groove & Kikis,,Boxsets,Jackie Leven,,INNA DE YARD,Will Swinton,,Frankie Cosmos,,,,,Mattiel,,,,,,,L⇔R,,Mötley Crüe,,Chrome Sparks,,
Westerman,DERMOT KENNEDY,Dayglow,Hermanos Gutiérrez,Jason Mraz,,Steph Macleod,,,,Frank Turner,,Mario,David Hallyday,Bok Nero,,Bundles,Katherine Priddy,,INUIT,Abe Parker,,Girl and Girl,,,,,Midlake,,,,,,,LM．C,,Noah Hicks,,The Cinematic Orchestra,,
WITCH,destroy lonely,DNCE,Hiromi,John Coltrane,,Still Worship,,,,FRED,,Meghan Trainor,Diva Faune,Bossfight,,Suncult,Lamb,,ISAAC DELUSION,Chicken P,,The Gotobeds,,,,,Mike Gordon,,,,,,,elfin’,,Rascal Flatts,,Coldcut,,
Aerial East,DJ Snake,Drake,I DONT KNOW HOW BUT THEY FOUND ME,John Prine,,The Spirituals,,,,Grade 2,,Mimi Webb,Dr. Yaro & La Folie,Bound to Divide,,Heavy Metal Happiness,Lewis Watson,,ITINÉRAIREBIS RECORDS,Spencer Elmer,,Guerilla Toss,,,,,Monsters of Folk,,,,,,,エレファントカシマシ,,Ray Wylie Hubbard,,Congo Natty,,
Ages and Ages,dr. dre,Dream,I Prevail,Kid Rock,,Thrive Worship,,,,Greer,,Oxlade,Emilie Simon,Boy North,,Napalm Fan Merch,Nina Nesbitt,,JACK DE MARSEILLE,,,Hannah Jadagu,,,,,My Morning Jacket,,,,,,,遠藤ゆりか,,Riley Green,,Conor Albert,,
Baby In Vain,DSTRCT,Dylan,I’m With Her,LaVern Baker,,Unified Sound,,,,Gregor Barnett,,Ozzy Osbourne,Emmanuel Moire,Brandon Mignacca,,Surprise Boxes,Professor Green,,JEAN-LOUIS MURAT,,,Hot Hot Heat,,,,,Natalie Prass,,,,,,,EVO＋,,Ryan Hurd,,Dauwd,,
BOBBY,Ebony Riley,Dylan Gossett,Ice Nine Kills,Led Zeppelin,,Vineyard Worship,,,,guccihighwaters,,Pyrex,Esmée,Brandyn Burnette,,Music,Ron Sexsmith,,JULIEN GRANEL,,,Hot Snakes,,,,,Neal Francis,,,,,,,OxT,,Savana Santos,,David August,,
Body Type,El Padrinito Toys,Eddie Vedder,Iggy Pop,Lil’ Kim,,Village Lights,,,,Hot Water Music,,Real Boston Richey,Gaëtan Roussel,Britt Lari,,CDs,Rumer,,JULIEN VOULZY,,,Iron & Wine,,,,,Nick Hakim,,,,,,,Official髭男dism,,Shaylen,,David Firth,,
Cajun Gems,Ella Mai,Em Beihold,Indigo Girls,MARINA,,William McDowell,,,,HUNNY,,Sade,GIMS,CHYL,,LPs,Shed Seven,,KALIKA,,,J Mascis,,,,,Oh Pep!,,,,,,,オメでたい頭でなにより,,Sheryl Crow,,Dedekind Cut,,
Callers,Ellie Goulding,FLO,Isaac Hayes,MC5,,Worship For Everyone,,,,Indii G.,,Sara Bareilles,Gloria,CLOUD ZERO,,Boxsets,,,KAZAM,,,J.R.C.G.,,,,,Okkervil River,,,,,,,オーイシマサヨシ,,Sugarland,,Denis Sulta,,
Christopher Denny,Elton John,Florence + the Machine,James Taylor,Meek Mill,,YWAM Kona Music,,,,Jakobs Castle,,ScarLip,Grégoire,COPYCATT,,DVDs,Suzanne Vega,,KAZY LAMBIST,,,John Waters,,,,,Old 97’s,,,,,,,岡田奈々,,The Cadillac Three,,DJ BORING,,
Chubby & The Gang,Eminem,Foggieraw,Jeremie Albino,Nipsey Hussle,,,,,,Jim Lindberg,,Southside,Hopen,Carey Clayton,,Blu-rays,The Darkness,,KEY LARGO,,,Jon Benjamin - Jazz Daredevil,,,,,Old Crow Medicine Show,,,,,,,奥 華子,,The Struts,,DJ Food,,
Craig Finn,ENHYPEN,G Herbo,John Coltrane,Otis Redding,,,,,,Joe Strummer And The Mescaleros,,SPINALL,Hös Copperfield,Casey Cook,,Tapes,The Orb,,KID LOCO,,,King Tuff,,,,,Pachyman,,,,,,,尾崎亜美,,Thomas Rhett,,DJ Paypal,,
Deer Tick,EST gee,Giant Rooks,John Lee Hooker,P. Diddy,,,,,,John K. Samson,,Swizz Beatz,Jade,Caster,,Books,The View,,KIPILI,,,Kiwi Jr.,,,,,Patterson Hood,,,,,,,OZROSAURUS,,Tim McGraw,,DJ Seinfeld,,
Diamond Rugs,Euphoria,Gina Alice,John R. Miller,Percy Sledge,,,,,,Joshua Roberts,,Tom Walker,James Baker,Chime,,Equipment,Turin Brakes,,KYAN KHOJANDI,,,L7,,,,,Pink Mountaintops,,,,,,,Orangestar,,,,Dolor,,
Dilly Dally,Fabio Capri,Girl Named Tom,Katie Pruitt,Phil Collins,,,,,,Joyce Manor,,Tori Kelly,Janie,Circadian,,Sale,Will Young,,LAS AVES,,,La Luz,,,,,Primus,,,,,,,ALL CITY STEPPERS,,,,Dorian Concept,,
DMAs,Feist,Glass Animals,Keb’ Mo’,Pretty Ricky,,,,,,Justin Courtney Pierre,,Travis Scott,Jeany James,Clarico,,Men,Amanda Palmer,,LASS,,,Lael Neale,,,,,Rayland Baxter,,,,,,,,,,,Duskus,,
Dolorean,Finneas,Gotye,Killer Mike,Roberta Flack,,,,,,KidsNextDoor,,Tyla,Jeck,Clockvice,,Shirts,Cowboy Junkies,,LESCOP,,,Loma,,,,,Rhett Miller,,,,,,,,,,,Ebbb,,
Eagulls,Flatland Cavalry,Greta Van Fleet,Kodaline,Rush,,,,,,La Dispute,,Tyla Yaweh,Jok’Air,Cloudcage,,Hoodies,Deap Lips,,LILLY WOOD AND THE PRICK,,,Low,,,,,Rodrigo y Gabriela,,,,,,,,,,,Elkka,,
EMEL,fromis_9,Haiden Henderson,Korn,Ruth Brown,,,,,,late night drive home,,will.i.am,Jonjo,Codd Dubz,,Bottoms,Eliza & The Delusionals,,LISA PARIENTE,,,Man Man,,,,,Slow Dancer,,,,,,,,,,,EVAN GIIA,,
Emily Wells,Glaive,ITZY,L.S. Dunes,Sean Paul,,,,,,letlive.,,YoDogg,Julien Clerc,Codeko,,Heavy Metal Happiness,Glen Matlock,,LIV DEL ESTAL,,,METZ,,,,,SOJA,,,,,,,,,,,Fakear,,
Erika Wennerstrom,Glorilla,Jack Johnson,Lake Street Dive,Simple Plan,,,,,,LiL Lotus,,Yolanda Adams,K2S,Conro,,Sale,James Morrison,,LONEPSI,,,Moaning,,,,,St. Paul & the Broken Bones,,,,,,,,,,,FaltyDL,,
Field Report,Gracie Abrams,Jacquees,Lindsey Stirling,Stevie Nicks,,,,,,LOWLIFE,,Zara Larsson,Kalash,Control Freak,,Women,Kerri Watt,,LUCKY LOVE,,,Morgan Delt,,,,,Temples,,,,,,,,,,,Farai,,
Flock of Dimes,Guns n Roses,James Bay,Logan Ledger,Stone Temple Pilots,,,,,,Magnolia Park,,,Kanoé,Convexity,,Shirts,Landscape,,LUIZA,,,Mudhoney,,,,,The Claypool Lennon Delirium,,,,,,,,,,,Fcukers,,
Fontaines D.C.,Gwen Stefani,James Hype,Lucius,T.I.,,,,,,Mamalarky,,,Karmen,Cornelius SA,,Hoodies,Lissie,,-M-,,,Naima Bock,,,,,The Heavy Heavy,,,,,,,,,,,Fink,,
FREEMAN,Holly Humberstone,Jelly Roll,Luke Tyler Shelton,The Drifters,,,,,,Mannequin Pussy,,,Klem Schen,Culprate,,Jackets,Noah Gundersen,,MAI LAN,,,Omni,,,,,The Murlocs,,,,,,,,,,,Floating Points,,
Goon,HWANG MIN HYUN,Jeremy Zucker,Manchester Orchestra,The Greatest Showman on Earth,,,,,,Matchbook Romance,,,Laconi,Curbi,,Leggins,Rasha Nahas,,MAISSIAT,,,Patrick Shiroishi,,,,,Trey Anastasio,,,,,,,,,,,Florian Kupfer,,
Guards,Imagine Dragons,Joe West,Margo Price,The Rolling Stones,,,,,,Millencolin,,,Laeti,Cyclops,,Tank Tops,Richard Walters,,MALIK DJOUDI,,,Pissed Jeans,,,,,Vusi Mahlasela,,,,,,,,,,,Folly Group,,
Heartless Bastards,Inhaler,John Legend,Matt Berninger,Trans-Siberian Orchestra,,,,,,Motion City Soundtrack,,,Lamarre,DEXTER KING,,Heavy Metal Happiness,Saint Raymond,,MAXENCE,,,The Postal Service,,,,,Will Sheff,,,,,,,,,,,ford.,,
Holy Sons,Ivan Cornejo,John Mellencamp,Meechy Darko,Trey Songz,,,,,,Nascar Aloe,,,Lara Fabian,DIESEL,,Sale,Skerryvore,,MDNS,,,Preservation Hall Jazz Band,,,,,Zooey Celeste,,,,,,,,,,,Forest Swords,,
JBM,J. Cole,Jonas Brothers,Miles Davis,Trick Daddy,,,,,,Nevertel,,,Laura,DYSON,,Kids,Swim Deep,,MICHAEL CANITROT,,,Quasi,,,,,311,,,,,,,,,,,FRENSHIP,,
John Grant,Jacob Collier,Joy Oladokun,Militarie Gun,Twista,,,,,,Off With Their Heads,,,Laurie Darmon,Dada Life,,Baby Bodies,The Fratellis,,MOHA K,,,Rolling Blackouts Coastal Fever,,,,,A Band of Bees,,,,,,,,,,,GAIKA,,
Lontalius,Jay Rock,KB Mike,Nathaniel Rateliff,Velvet Underground,,,,,,Operation Ivy,,,Louisette et Amaury,Dani Demand,,Baby Shirts,The Proclaimers,,MOJI X SBOY,,,Shabazz Palaces,,,,,Alberta Cross,,,,,,,,,,,Genevieve Artadi,,
Lumerians,Jazmin Bean,Kid Cudi,Nathaniel Rateliff & The Night Sweats,Wilson Pickett,,,,,,Parkway Drive,,,Lucenzo,David Feldman,,Baby Beanies,,,MYRA,,,Shaina Shepherd,,,,,Amyl and The Sniffers,,,,,,,,,,,George Riley,,
LUMP,Jenevieve,Kim Petras,Nitefire,Wiz Khalifa,,,,,,Pennywise,,,Madame Monsieur,Dead Pony,,Baby Accessories,The Wandering Hearts,,NUIT INCOLORE,,,Shannon Lay,,,,,Ben Kweller,,,,,,,,,,,Georgia Anne Muldrow,,
Mádé Kuti,Jennifer Hudson,Leith Ross,Nubya Garcia,,,,,,,Pianos Become The Teeth,,,Make Sense,Decimate,,Kids Hoodies,Vintage Trouble,,ORELSAN,,,SLIFT,,,,,Benjamin Booker,,,,,,,,,,,Giganta,,
Made Of Oak,Jessie Ware,Liam Payne,Paul Simon,,,,,,,Plague Vendor,,,Marc Lavoine,Def3,,Kids Shirts,47 SOUL,,PHILIPPE KATERINE,,,Σtella,,,,,Bobby Long,,,,,,,,,,,Gilligan Moss,,
Mercury Rev,JID,Lil Tecca,Pierce The Veil,,,,,,,plxntkid,,,Marion Roch,Delaney Kai,,Sale,BABYMETAL,,PI JA MA,,,Suki Waterhouse,,,,,Brandi Carlile,,,,,,,,,,,Giraffage,,
Middle Brother,Jordan Ward,Lil Wayne,R.E.M.,,,,,,,poptropicaslutz!,,,Marius,Derpcat,,Accessories,DAM,,PIERRE DE MAERE,,,Sweeping Promises,,,,,Brendan Benson,,,,,,,,,,,Girl Ultra,,
Molly Sarlé,Juice WRLD,Lily Rose,Rachel Bobbitt,,,,,,,Propagandhi,,,MC Solaar,Diandra Faye,,Bags,Deap Vally,,PRINZLY,,,Tacocat,,,,,Brittany Howard,,,,,,,,,,,Glass Beams,,
Mountain Man,Kacey Musgraves,Lindsay Lohan,Rise Against,,,,,,,Quicksand,,,Medi Meyz,Dias Ridge,,Beanies,Fantastic Negrito,,RIVO,,,TV Priest,,,,,Caitlin Rose,,,,,,,,,,,Golden Features,,
Nico Yaryan,Karol G,Livingston,Robert Glasper,,,,,,,Raised Fist,,,"Molière, l’opéra urbain",Direct,,Caps & Bandanas,Gun,,ROBERTO FONSECA,,,Various Artists,,,,,Carl Broemel,,,,,,,,,,,Greyhat,,
Paleo,Katseye,Lord Huron,Robert Plant & Alison Krauss,,,,,,,Rancid,,,Mona,Dirt Monkey,,Doormats,Jo Boxers,,ROMANE SANTERELLI,,,Velocity Girl,,,,,Crowded House,,,,,,,,,,,H31R,,
PHOX,Ken Carson,Lorde,Ruston Kelly,,,,,,,RAT BOY,,,Morgan,Dirtyphonics,,Face Masks,,,ROVER,,,Washed Out,,,,,David Gray,,,,,,,,,,,Hakushi Hasegawa,,
Pottery,Kendrick Lamar,Loyle Carner,Samantha Fish,,,,,,,RebUke,,,Negrito,Dokho,,Figurines,Kiefer Sutherland,,S+C+A+R+R,,,waterbaby,,,,,Dawes,,,,,,,,,,,The Heavy,,
Pure Bathing Culture,Lady Gaga,Lyn Lapid,Sarah Jarosz,,,,,,,Refused,,,NTH,EMSKI,,Flags,Lawson,,SAEZ,,,Weird Nightmare,,,,,Everest,,,,,,,,,,,Helena Hauff,,
Sallie Ford & The Sound Outside,Lana Del Rey,Madison Bailey,Seether,,,,,,,Remo Drive,,,Olupellar,ESKEi83,,Gloves,Loop,,SASSO,,,Weyes Blood,,,,,Fiction Family,,,,,,,,,,,Hiatus Kaiyote,,
Sam Burton,LE SSERAFIM,Mae Stephens,Shannon & The Clams,,,,,,,Retox,,,Ouidad,Ellii,,Heavy Metal Happiness,Passenger,,SEIN,,,Wolf Parade,,,,,Fly Golden Eagle,,,,,,,,,,,Hieroglyphic Being,,
Spike Fuck,Lebra Jolie,Marcus King,Sierra Ferrell,,,,,,,Roe Kapara,,,Paola,Ellika,,Jewellery,Reverend And The Makers,,SHUTTLE,,,Ya Tseen,,,,,Gill Landry,,,,,,,,,,,Howling,,
Sylvan Esso,Lehla Samia,MEDUZA,Skegss,,,,,,,Rosie Thorne,,,Philippine,Elliot Vast,,Keyrings,Ricky Ross,,SIMONY,,,Yuno,,,,,Gogol Bordello,,,,,,,,,,,Hype Williams,,
TENDER,Lil Poppa,Metro Boomin,Sleater-Kinney,,,,,,,Rosie Tucker,,,Prime,Enviado Vida,,"Mugs, Cups, Glasses",Sam Eagle,,SMAHLO,,,,,,,,Gomez,,,,,,,,,,,I. JORDAN,,
The Amazing,Louis The Child,MIKA,Soccer Mommy,,,,,,,Royale Lynn,,,Raphaël,Etza,,Patches,Sophie Ellis-Bextor,,SOLANN,,,,,,,,Gov’t Mule,,,,,,,,,,,Iglooghost,,
The Black Angels,Marsha Ambrosius,Miranda Lambert,St. Vincent,,,,,,,sadeyes,,,Rawdolff,Exorbiter,,Pins & Buttons,Symposium,,SOLITAIRES,,,,,,,,Hey Rosetta!,,,,,,,,,,,The Invisible,,
The Dismemberment Plan,mgk,Morgan Wallen,Starset,,,,,,,Saosin,,,Rémy,F.O.O.L,,Puzzles,The Jesus & Mary Chain,,SUPERFUNK,,,,,,,,Hurray for the Riff Raff,,,,,,,,,,,Jaga Jazzist,,
The Wytches,Maroon 5,NAV,Taking Back Sunday,,,,,,,Save Face,,,Ridsa,Fairlane,,Slipmats,The Psychedelic Furs,,SUZANE,,,,,,,,J. Roddy Walston & The Business,,,,,,,,,,,Jai Wolf,,
TORRES,Michael Kiwanuka,NAYEON,Tanya Tucker,,,,,,,Shy Kidx,,,Robdbloc,Faodail,,Socks,The Waterboys,,SYN,,,,,,,,Jem,,,,,,,,,,,James Heather,,
Treetop Flyers,midnatt,Nelly Furtado,Tears for Fears,,,,,,,Sleeping With Sirens,,,Rouquine,Feed Me,,Wristbands,Vitto Meirelles,,TERRIER,,,,,,,,Jessica Lea Mayfield,,,,,,,,,,,Jameszoo,,
Violents + Monica Martin,Moneybagg Yo,Nia Smith,Tedeschi Trucks Band,,,,,,,Sleep Theory,,,Roxaane,Finding Mero,,Various,‘68,,TESSÆ,,,,,,,,John Butler Trio,,,,,,,,,,,Jasper Tygner,,
Virgin Forest,Mozzy,Nick Ward,The Arcs,,,,,,,Smrtdeath,,,Saïk,Flexible Fire,,Sale,,,THE DØ,,,,,,,,Jonny Fritz,,,,,,,,,,,Jayda G,,
Warm Ghost,NewJeans,Nicki Minaj,The Laurie Berkner Band,,,,,,,Social Distortion,,,Samaka,FlÃ¸a,,Events,,,THE STRANGERS,,,,,,,,Jovanotti,,,,,,,,,,,Jeremiah Jae,,
US HQ,No Doubt,Nigo,The Offspring,,,,,,,sophie meiers,,,Sara et Rania,Fractures,,Area 53 Festival,,,TIKEN JAH FAKOLY,,,,,,,,Kaiser Chiefs,,,,,,,,,,,Jono McCleery,,
UK HQ,Olivia Rodrigo,NMIXX,The Pretty Reckless,,,,,,,Soul Glo,,,Says’z,G-REX,,Tickets,,,TODD,,,,,,,,KOPECKY,,,,,,,,,,,Jordan Gardner,,
Contact/Social,Olly Alexander,Noah Kahan,The Revivalists,,,,,,,Split Chain,,,Sensey’,GARDNSOUND,,Merchandise,,,TRAIN FANTÔME,,,,,,,,Lindsay Fuller,,,,,,,,,,,Jordan Rakei,,
Info,OneRepublic,November Ultra,The Traveling Wilburys,,,,,,,Teenage Wrist,,,Sidiki Diabate,GG Magree,,Metal On The Hill,,,XIXI,,,,,,,,Lisa Hannigan,,,,,,,,,,,Julianna Barwick,,
Labels,Pi'erre Bourne,Of Monsters and Men,The Velveteers,,,,,,,The All-American Rejects,,,Siks,Ghostbeat,,Tickets,,,YORINA,,,,,,,,Liz Phair,,,,,,,,,,,Kadhja Bonet,,
Newsletter Signup,Playboi Carti,Oh Wonder,Valerie June,,,,,,,The Blood Brothers,,,Sola,Godlands,,Merchandise,,,YOUNES,,,,,,,,Lucero,,,,,,,,,,,Kae Tempest,,
Partisan Record Club,Prospa,Onsight Deeda,Varials,,,,,,,The Calamatix,,,Sound of Legend,Grabbitz,,SALE,,,YVES JAMAIT,,,,,,,,Majestico,,,,,,,,,,,Kamasi Washington,,
Demo Policy,Rae Sremmurd,Paris Jackson,Wage War,,,,,,,The Crew,,,Squeezie,Grant,,Summer Meltdown,,,ZAABRISKIE,,,,,,,,Mariachi El Bronx,,,,,,,,,,,Kasbo,,
Privacy Policy,Reneé Rapp,Peach PRC,Warren Haynes,,,,,,,The Frights,,,Stony,Gregory Esayan,,My Account,,,ZAOUI,,,,,,,,Mike Doughty,,,,,,,,,,,Keleketla!,,
Terms & Conditions,Riovaz,Pearl Jam,Yola,,,,,,,The Garden,,,Tara McDonald,HALIENE,,Settings,,,ZOUFRIS MARACAS,,,,,,,,Nilüfer Yanya,,,,,,,,,,,Kelis,,
T&Cs of Supply,Rob Grant,Pop Smoke,,,,,,,,The Ghost Inside,,,Tayc,Hailure,,,,,Discover our projects,,,,,,,,North Mississippi Allstars,,,,,,,,,,,Kid A,,
Desert Daze Sound,ROB49,Post Malone,,,,,,,,The Interrupters,,,Tessa B,Haris,,Home,,,,,,,,,,,Other Lives,,,,,,,,,,,Kid Koala,,
section1,Role Model,Ralan Styles,,,,,,,,The Lawrence Arms,,,Parakit,Hausman,,,,,,,,,,,,,Patty Griffin,,,,,,,,,,,Kidswaste,,
Knitting Factory,The Rolling Stones,Reyanna Maria,,,,,,,,The Linda Lindas,,,Tom Frager,,,,,,,,,,,,,,Stars,,,,,,,,,,,King Geedorah,,
Colophon,Rosemarie,Rublow,,,,,,,,The Menzingers,,,Tulipe Park,,,,,,,,,,,,,,Sun Club,,,,,,,,,,,King Midas Sound,,
,Rubi Rose,Sam Tompkins,,,,,,,,The Mighty Mighty BossToneS,,,Two Geniuz,,,,,,,,,,,,,,Thad Cockrell,,,,,,,,,,,Kiss Nuka,,
,ScHoolboy Q,Sekou,,,,,,,,The Muslims,,,Tydiaz,,,,,,,,,,,,,,The Belle Brigade,,,,,,,,,,,Kit Sebastian,,
,Screwly G,Shania Twain,,,,,,,,The Offspring,,,Vicky R,,,,,,,,,,,,,,The Bronx,,,,,,,,,,,Kneebody,,
,Selena Gomez,Ski Mask The Slump God,,,,,,,,The Sidekicks,,,Vincent Niclo,,,,,,,,,,,,,,The Fireman,,,,,,,,,,,Kuedo,,
,SEVENTEEN,Snow Patrol,,,,,,,,The World is a Beautiful Place & I am No Longer Afraid to Die,,,Vitaa,,,,,,,,,,,,,,The Whigs,,,,,,,,,,,Lapalux,,
,Sheck Wes,starfall,,,,,,,,THICK,,,WeRe VaNa,,,,,,,,,,,,,,Two Gallants,,,,,,,,,,,LAUREL,,
,Shenseea,Stephen Dawes,,,,,,,,This Wild Life,,,Ya Levis,,,,,,,,,,,,,,Umphrey’s McGee,,,,,,,,,,,Lee Bannon,,
,Still Woozy,Stephen Sanchez,,,,,,,,Thrice,,,Yannick Noah,,,,,,,,,,,,,,Widespread Panic,,,,,,,,,,,Legowelt,,
,Sting,Stevie Wonder,,,,,,,,Too Close To Touch,,,Ycare,,,,,,,,,,,,,,,,,,,,,,,,,Leon Vynehall,,
,Stormzy,Stray Kids,,,,,,,,Touché Amoré,,,Yo,,,,,,,,,,,,,,,,,,,,,,,,,Levantis,,
,Summer Walker,Swedish House Mafia,,,,,,,,Transplants,,,YUZMV,,,,,,,,,,,,,,,,,,,,,,,,,Little Dragon,,
,Tame Impala,tana,,,,,,,,The Weakerthans,,,ZZCCMXTP,,,,,,,,,,,,,,,,,,,,,,,,,Little Snake,,
,Tierra Whack,Tanerélle,,,,,,,,We Are Radio Noi$e,,,,,,,,,,,,,,,,,,,,,,,,,,,,Locust Toybox,,
,TOWA BIRD,Taylor Swift,,,,,,,,Weezer,,,,,,,,,,,,,,,,,,,,,,,,,,,,Louis Cole,,
,U2,TBoss,,,,,,,,1208,,,,,,,,,,,,,,,,,,,,,,,,,,,,Louis Futon,,
,Vonni,The Chemical Brothers,,,,,,,,59 Times The Pain,,,,,,,,,,,,,,,,,,,,,,,,,,,,LP Giobbi,,
,Wisp,The Dare,,,,,,,,98 Mute,,,,,,,,,,,,,,,,,,,,,,,,,,,,LYZZA,,
,Xavi,The Scarlet Opera,,,,,,,,Agnostic Front,,,,,,,,,,,,,,,,,,,,,,,,,,,,Machinedrum,,
,Years & Years,The Warning,,,,,,,,Alesana,,,,,,,,,,,,,,,,,,,,,,,,,,,,mai.la,,
,Zedd,The Weeknd,,,,,,,,ALL,,,,,,,,,,,,,,,,,,,,,,,,,,,,Maribou State,,
,,The Wrecks,,,,,,,,Ariel View,,,,,,,,,,,,,,,,,,,,,,,,,,,,Marie Davidson,,
,,TOMORROW X TOGETHER,,,,,,,,"Armstrong, Tim",,,,,,,,,,,,,,,,,,,,,,,,,,,,Matthewdavid,,
,,TRI.BE,,,,,,,,Avion Roe,,,,,,,,,,,,,,,,,,,,,,,,,,,,MEMBA,,
,,TWICE,,,,,,,,Beatsteaks,,,,,,,,,,,,,,,,,,,,,,,,,,,,Metronomy,,
,,twocolors,,,,,,,,Beautiful Bodies,,,,,,,,,,,,,,,,,,,,,,,,,,,,The Midnight,,
,,VCHA,,,,,,,,Better Than A Thousand,,,,,,,,,,,,,,,,,,,,,,,,,,,,Miguel Atwood-Ferguson,,
,,Volbeat,,,,,,,,Big Talk,,,,,,,,,,,,,,,,,,,,,,,,,,,,Miguel Baptista Benedict,,
,,watt,,,,,,,,The Blackout,,,,,,,,,,,,,,,,,,,,,,,,,,,,Mild Minds,,
,,,,,,,,,,Blue Stingrays,,,,,,,,,,,,,,,,,,,,,,,,,,,,Mindchatter,,
,,,,,,,,,,Bombshell Rocks,,,,,,,,,,,,,,,,,,,,,,,,,,,,Minimal Violence,,
,,,,,,,,,,Brand New,,,,,,,,,,,,,,,,,,,,,,,,,,,,Moiré,,
,,,,,,,,,,Burning Heads,,,,,,,,,,,,,,,,,,,,,,,,,,,,Mona Yim & Memphis LK,,
,,,,,,,,,,The Business,,,,,,,,,,,,,,,,,,,,,,,,,,,,Mono/Poly,,
,,,,,,,,,,C.AARME,,,,,,,,,,,,,,,,,,,,,,,,,,,,Mr. Oizo,,
,,,,,,,,,,Choking Victim,,,,,,,,,,,,,,,,,,,,,,,,,,,,Mr. Scruff,,
,,,,,,,,,,Claw Hammer,,,,,,,,,,,,,,,,,,,,,,,,,,,,My Dry Wet Mess,,
,,,,,,,,,,Coffin Break,,,,,,,,,,,,,,,,,,,,,,,,,,,,Nabihah Iqbal,,
,,,,,,,,,,Color Film,,,,,,,,,,,,,,,,,,,,,,,,,,,,NameBrandSound,,
,,,,,,,,,,Cover Your Tracks,,,,,,,,,,,,,,,,,,,,,,,,,,,,NASAYA,,
,,,,,,,,,,The Cramps,,,,,,,,,,,,,,,,,,,,,,,,,,,,NASAYA & MARO,,
,,,,,,,,,,Culture Abuse,,,,,,,,,,,,,,,,,,,,,,,,,,,,Nathan Fake,,
,,,,,,,,,,Dag Nasty,,,,,,,,,,,,,,,,,,,,,,,,,,,,Nathan Melja,,
,,,,,,,,,,Dangerous!,,,,,,,,,,,,,,,,,,,,,,,,,,,,Nilüfer Yanya,,
,,,,,,,,,,Danny Elfman,,,,,,,,,,,,,,,,,,,,,,,,,,,,nimino,,
,,,,,,,,,,Daredevils,,,,,,,,,,,,,,,,,,,,,,,,,,,,NY*AK,,
,,,,,,,,,,Day Of Contempt,,,,,,,,,,,,,,,,,,,,,,,,,,,,obli,,
,,,,,,,,,,Dead Fucking Last,,,,,,,,,,,,,,,,,,,,,,,,,,,,Octo Octa,,
,,,,,,,,,,Death By Stereo,,,,,,,,,,,,,,,,,,,,,,,,,,,,ODESZA,,
,,,,,,,,,,Deviates,,,,,,,,,,,,,,,,,,,,,,,,,,,,OLAN,,
,,,,,,,,,,Dillinger Escape Plan,,,,,,,,,,,,,,,,,,,,,,,,,,,,Onyx Collective,,
,,,,,,,,,,The Distillers,,,,,,,,,,,,,,,,,,,,,,,,,,,,O’Flynn,,
,,,,,,,,,,Division Of Laura Lee,,,,,,,,,,,,,,,,,,,,,,,,,,,,박혜진 Park Hye Jin,,
,,,,,,,,,,The Donnas,,,,,,,,,,,,,,,,,,,,,,,,,,,,PBDY,,
,,,,,,,,,,Down By Law,,,,,,,,,,,,,,,,,,,,,,,,,,,,Peggy Gou,,
,,,,,,,,,,Downset,,,,,,,,,,,,,,,,,,,,,,,,,,,,Phantoms,,
,,,,,,,,,,Elliott Smith,,,,,,,,,,,,,,,,,,,,,,,,,,,,Pional,,
,,,,,,,,,,Epitaph,,,,,,,,,,,,,,,,,,,,,,,,,,,,pluko,,
,,,,,,,,,,Error,,,,,,,,,,,,,,,,,,,,,,,,,,,,Poolside,,
,,,,,,,,,,Farewell,,,,,,,,,,,,,,,,,,,,,,,,,,,,Poté,,
,,,,,,,,,,Fleshtones,,,,,,,,,,,,,,,,,,,,,,,,,,,,Project Pablo,,
,,,,,,,,,,F-Minus,,,,,,,,,,,,,,,,,,,,,,,,,,,,Prospa,,
,,,,,,,,,,From First To Last,,,,,,,,,,,,,,,,,,,,,,,,,,,,PVA,,
,,,,,,,,,,Gallows,,,,,,,,,,,,,,,,,,,,,,,,,,,,RAC,,
,,,,,,,,,,Gas Huffer,,,,,,,,,,,,,,,,,,,,,,,,,,,,Rahill,,
,,,,,,,,,,Get Up Kids,,,,,,,,,,,,,,,,,,,,,,,,,,,,Raisa K,,
,,,,,,,,,,The Ghost Of A Thousand (Europe Only),,,,,,,,,,,,,,,,,,,,,,,,,,,,Ras G,,
,,,,,,,,,,Give 'Em The Boot,,,,,,,,,,,,,,,,,,,,,,,,,,,,Robotaki,,
,,,,,,,,,,Green Day,,,,,,,,,,,,,,,,,,,,,,,,,,,,Romare,,
,,,,,,,,,,Guttermouth,,,,,,,,,,,,,,,,,,,,,,,,,,,,Roosevelt,,
,,,,,,,,,,Guy Smiley,,,,,,,,,,,,,,,,,,,,,,,,,,,,Roots Manuva,,
,,,,,,,,,,H2O,,,,,,,,,,,,,,,,,,,,,,,,,,,,Ross From Friends,,
,,,,,,,,,,Heartsounds,,,,,,,,,,,,,,,,,,,,,,,,,,,,Running Touch,,
,,,,,,,,,,Heavens,,,,,,,,,,,,,,,,,,,,,,,,,,,,Salami Rose Joe Louis,,
,,,,,,,,,,Heideroosjes,,,,,,,,,,,,,,,,,,,,,,,,,,,,salute,,
,,,,,,,,,,Hell Is For Heroes,,,,,,,,,,,,,,,,,,,,,,,,,,,,Sampa The Great,,
,,,,,,,,,,Helmet,,,,,,,,,,,,,,,,,,,,,,,,,,,,San Holo,,
,,,,,,,,,,The Humpers,,,,,,,,,,,,,,,,,,,,,,,,,,,,Sarathy Korwar,,
,,,,,,,,,,I Against I,,,,,,,,,,,,,,,,,,,,,,,,,,,,Seven Davis Jr,,
,,,,,,,,,,I Am Ghost,,,,,,,,,,,,,,,,,,,,,,,,,,,,Shire T,,
,,,,,,,,,,Ikara Colt,,,,,,,,,,,,,,,,,,,,,,,,,,,,Simbiosi,,
,,,,,,,,,,I Killed The Prom Queen,,,,,,,,,,,,,,,,,,,,,,,,,,,,Sofia Kourtesis,,
,,,,,,,,,,Insted,,,,,,,,,,,,,,,,,,,,,,,,,,,,Space Dimension Controller,,
,,,,,,,,,,The International Noise Conspiracy,,,,,,,,,,,,,,,,,,,,,,,,,,,,Strangeloop,,
,,,,,,,,,,I Set My Friends On Fire,,,,,,,,,,,,,,,,,,,,,,,,,,,,Submotion Orchestra,,
,,,,,,,,,,Jackass 3D,,,,,,,,,,,,,,,,,,,,,,,,,,,,Taylor McFerrin,,
,,,,,,,,,,Jamie T,,,,,,,,,,,,,,,,,,,,,,,,,,,,Teebs,,
,,,,,,,,,,The Joykiller,,,,,,,,,,,,,,,,,,,,,,,,,,,,Tennyson,,
,,,,,,,,,,King Django,,,,,,,,,,,,,,,,,,,,,,,,,,,,Terence Etc.,,
,,,,,,,,,,L7,,,,,,,,,,,,,,,,,,,,,,,,,,,,Thundercat,,
,,,,,,,,,,Lateef & The Chief Are Maroons,,,,,,,,,,,,,,,,,,,,,,,,,,,,Tiga,,
,,,,,,,,,,LeATHERMOUTH,,,,,,,,,,,,,,,,,,,,,,,,,,,,TOKiMONSTA,,
,,,,,,,,,,Left Alone,,,,,,,,,,,,,,,,,,,,,,,,,,,,Troy Samuela,,
,,,,,,,,,,Leftover Crack,,,,,,,,,,,,,,,,,,,,,,,,,,,,TSHA,,
,,,,,,,,,,Liberator,,,,,,,,,,,,,,,,,,,,,,,,,,,,Tycho,,
,,,,,,,,,,Little Kings,,,,,,,,,,,,,,,,,,,,,,,,,,,,U,,
,,,,,,,,,,Looking Up,,,,,,,,,,,,,,,,,,,,,,,,,,,,UMFANG,,
,,,,,,,,,,The Lost Patrol,,,,,,,,,,,,,,,,,,,,,,,,,,,,United Freedom Collective,,
,,,,,,,,,,Madball,,,,,,,,,,,,,,,,,,,,,,,,,,,,Visionist,,
,,,,,,,,,,Man Or Astroman?,,,,,,,,,,,,,,,,,,,,,,,,,,,,VTSS,,
,,,,,,,,,,Me First & The Gimme Gimmes,,,,,,,,,,,,,,,,,,,,,,,,,,,,Wajatta,,
,,,,,,,,,,Mercy Killers,,,,,,,,,,,,,,,,,,,,,,,,,,,,Weval,,
,,,,,,,,,,Midget Handjob,,,,,,,,,,,,,,,,,,,,,,,,,,,,What So Not,,
,,,,,,,,,,Mouthwash,,,,,,,,,,,,,,,,,,,,,,,,,,,,White Cliffs,,
,,,,,,,,,,The Nerve Agents,,,,,,,,,,,,,,,,,,,,,,,,,,,,Yahtzel,,
,,,,,,,,,,New Bomb Turks,,,,,,,,,,,,,,,,,,,,,,,,,,,,Yaya Bey,,
,,,,,,,,,,New Found Glory,,,,,,,,,,,,,,,,,,,,,,,,,,,,yeule,,
,,,,,,,,,,Nikola Sarcevic,,,,,,,,,,,,,,,,,,,,,,,,,,,,Young Fathers,,
,,,,,,,,,,Noam Chomsky,,,,,,,,,,,,,,,,,,,,,,,,,,,,Yppah,,
,,,,,,,,,,No Fun At All,,,,,,,,,,,,,,,,,,,,,,,,,,,,Yukimi,,
,,,,,,,,,,NOFX,,,,,,,,,,,,,,,,,,,,,,,,,,,,,,
,,,,,,,,,,Now And On Earth,,,,,,,,,,,,,,,,,,,,,,,,,,,,,,
,,,,,,,,,,Obey The Brave,,,,,,,,,,,,,,,,,,,,,,,,,,,,,,
,,,,,,,,,,Osker,,,,,,,,,,,,,,,,,,,,,,,,,,,,,,
,,,,,,,,,,Our Last Night,,,,,,,,,,,,,,,,,,,,,,,,,,,,,,
,,,,,,,,,,Pietasters,,,,,,,,,,,,,,,,,,,,,,,,,,,,,,
,,,,,,,,,,Poison Idea,,,,,,,,,,,,,,,,,,,,,,,,,,,,,,
,,,,,,,,,,Pulley,,,,,,,,,,,,,,,,,,,,,,,,,,,,,,
,,,,,,,,,,Punk-O-Rama,,,,,,,,,,,,,,,,,,,,,,,,,,,,,,
,,,,,,,,,,Randy,,,,,,,,,,,,,,,,,,,,,,,,,,,,,,
,,,,,,,,,,Red Aunts,,,,,,,,,,,,,,,,,,,,,,,,,,,,,,
,,,,,,,,,,Rich Kids On LSD,,,,,,,,,,,,,,,,,,,,,,,,,,,,,,
,,,,,,,,,,Roll The Tanks,,,,,,,,,,,,,,,,,,,,,,,,,,,,,,
,,,,,,,,,,Ruth Ruth,,,,,,,,,,,,,,,,,,,,,,,,,,,,,,
,,,,,,,,,,Sage Francis,,,,,,,,,,,,,,,,,,,,,,,,,,,,,,
,,,,,,,,,,Satanic Surfers,,,,,,,,,,,,,,,,,,,,,,,,,,,,,,
,,,,,,,,,,SayWeCanFly,,,,,,,,,,,,,,,,,,,,,,,,,,,,,,
,,,,,,,,,,Scatter The Ashes,,,,,,,,,,,,,,,,,,,,,,,,,,,,,,
,,,,,,,,,,Second Thoughts,,,,,,,,,,,,,,,,,,,,,,,,,,,,,,
,,,,,,,,,,Seeing Eye Gods,,,,,,,,,,,,,,,,,,,,,,,,,,,,,,
,,,,,,,,,,Settle,,,,,,,,,,,,,,,,,,,,,,,,,,,,,,
,,,,,,,,,,Set Your Goals,,,,,,,,,,,,,,,,,,,,,,,,,,,,,,
,,,,,,,,,,Sing It Loud,,,,,,,,,,,,,,,,,,,,,,,,,,,,,,
,,,,,,,,,,Skip The Foreplay,,,,,,,,,,,,,,,,,,,,,,,,,,,,,,
,,,,,,,,,,Sleepwave,,,,,,,,,,,,,,,,,,,,,,,,,,,,,,
,,,,,,,,,,SNFU,,,,,,,,,,,,,,,,,,,,,,,,,,,,,,
,,,,,,,,,,Some Girls,,,,,,,,,,,,,,,,,,,,,,,,,,,,,,
,,,,,,,,,,The Special Goodness,,,,,,,,,,,,,,,,,,,,,,,,,,,,,,
,,,,,,,,,,Story Of The Year,,,,,,,,,,,,,,,,,,,,,,,,,,,,,,
,,,,,,,,,,Straightfaced,,,,,,,,,,,,,,,,,,,,,,,,,,,,,,
,,,,,,,,,,Sugarcult,,,,,,,,,,,,,,,,,,,,,,,,,,,,,,
,,,,,,,,,,Suicide Girls,,,,,,,,,,,,,,,,,,,,,,,,,,,,,,
,,,,,,,,,,Survive This!,,,,,,,,,,,,,,,,,,,,,,,,,,,,,,
,,,,,,,,,,Ten Foot Pole,,,,,,,,,,,,,,,,,,,,,,,,,,,,,,
,,,,,,,,,,Terrorgruppe,,,,,,,,,,,,,,,,,,,,,,,,,,,,,,
,,,,,,,,,,The Bouncing Souls,,,,,,,,,,,,,,,,,,,,,,,,,,,,,,
,,,,,,,,,,The Color of Violence,,,,,,,,,,,,,,,,,,,,,,,,,,,,,,
,,,,,,,,,,The Dwarves,,,,,,,,,,,,,,,,,,,,,,,,,,,,,,
,,,,,,,,,,The Higher,,,,,,,,,,,,,,,,,,,,,,,,,,,,,,
,,,,,,,,,,The Hives,,,,,,,,,,,,,,,,,,,,,,,,,,,,,,
,,,,,,,,,,Thelonious Monster,,,,,,,,,,,,,,,,,,,,,,,,,,,,,,
,,,,,,,,,,The Matches,,,,,,,,,,,,,,,,,,,,,,,,,,,,,,
,,,,,,,,,,The Robocop Kraus,,,,,,,,,,,,,,,,,,,,,,,,,,,,,,
,,,,,,,,,,The Sound Of Animals Fighting,,,,,,,,,,,,,,,,,,,,,,,,,,,,,,
,,,,,,,,,,This City (Europe only),,,,,,,,,,,,,,,,,,,,,,,,,,,,,,
,,,,,,,,,,Thursday,,,,,,,,,,,,,,,,,,,,,,,,,,,,,,
,,,,,,,,,,Total Chaos,,,,,,,,,,,,,,,,,,,,,,,,,,,,,,
,,,,,,,,,,Tricky,,,,,,,,,,,,,,,,,,,,,,,,,,,,,,
,,,,,,,,,,T.S.O.L.,,,,,,,,,,,,,,,,,,,,,,,,,,,,,,
,,,,,,,,,,Turbonegro,,,,,,,,,,,,,,,,,,,,,,,,,,,,,,
,,,,,,,,,,UNDECLINABLE,,,,,,,,,,,,,,,,,,,,,,,,,,,,,,
,,,,,,,,,,Union 13,,,,,,,,,,,,,,,,,,,,,,,,,,,,,,
,,,,,,,,,,The Unseen,,,,,,,,,,,,,,,,,,,,,,,,,,,,,,
,,,,,,,,,,Unsound,,,,,,,,,,,,,,,,,,,,,,,,,,,,,,
,,,,,,,,,,U.S. Bombs,,,,,,,,,,,,,,,,,,,,,,,,,,,,,,
,,,,,,,,,,U.S. Roughnecks,,,,,,,,,,,,,,,,,,,,,,,,,,,,,,
,,,,,,,,,,Vandals,,,,,,,,,,,,,,,,,,,,,,,,,,,,,,
,,,,,,,,,,Vanna,,,,,,,,,,,,,,,,,,,,,,,,,,,,,,
,,,,,,,,,,Various Artists,,,,,,,,,,,,,,,,,,,,,,,,,,,,,,
,,,,,,,,,,Veara,,,,,,,,,,,,,,,,,,,,,,,,,,,,,,
,,,,,,,,,,Vision,,,,,,,,,,,,,,,,,,,,,,,,,,,,,,
,,,,,,,,,,Voice Of A Generation,,,,,,,,,,,,,,,,,,,,,,,,,,,,,,
,,,,,,,,,,Voodoo Glow Skulls,,,,,,,,,,,,,,,,,,,,,,,,,,,,,,
,,,,,,,,,,Wayne Kramer,,,,,,,,,,,,,,,,,,,,,,,,,,,,,,
,,,,,,,,,,You Me At Six,,,,,,,,,,,,,,,,,,,,,,,,,,,,,,
,,,,,,,,,,Youth Group,,,,,,,,,,,,,,,,,,,,,,,,,,,,,,
,,,,,,,,,,Zeke,,,,,,,,,,,,,,,,,,,,,,,,,,,,,,
,,,,,,,,,,Zen Guerilla,,,,,,,,,,,,,,,,,,,,,,,,,,,,,,
,,,,,,,,,,,,,,,,,,,,,,,,,,,,,,,,,,,,,,,,
,,,,,,,,,,,,,,,,,,,,,,,,,,,,,,,,,,,,,,,,
,,,,,,,,,,,,,,,,,,,,,,,,,,,,,,,,,,,,,,,,
,,,,,,,,,,,,,,,,,,,,,,,,,,,,,,,,,,,,,,,,
,,,,,,,,,,,,,,,,,,,,,,,,,,,,,,,,,,,,,,,,
,,,,,,,,,,,,,,,,,,,,,,,,,,,,,,,,,,,,,,,,
,,,,,,,,,,,,,,,,,,,,,,,,,,,,,,,,,,,,,,,,
,,,,,,,,,,,,,,,,Remove This Item,,,,,,,,,,,,,,,,,,,,,,,,
,,,,,,,,,,,,,,,,Compare,,,,,,,,,,,,,,,,,,,,,,,,
,,,,,,,,,,,,,,,,Clear All,,,,,,,,,,,,,,,,,,,,,,,,
,,,,,,,,,,,,,,,,,,,,,,,,,,,,,,,,,,,,,,,,
,,,,,,,,,,,,,,,,,,,,,,,,,,,,,,,,,,,,,,,,
,,,,,,,,,,,,,,,,Add to Cart,,,,,,,,,,,,,,,,,,,,,,,,
,,,,,,,,,,,,,,,,Remove This Item,,,,,,,,,,,,,,,,,,,,,,,,
,,,,,,,,,,,,,,,,Go to Wish List,,,,,,,,,,,,,,,,,,,,,,,,
,,,,,,,,,,,,,,,,,,,,,,,,,,,,,,,,,,,,,,,,
,,,,,,,,,,,,,,,,,,,,,,,,,,,,,,,,,,,,,,,,
,,,,,,,,,,,,,,,,,,,,,,,,,,,,,,,,,,,,,,,,
,,,,,,,,,,,,,,,,,,,,,,,,,,,,,,,,,,,,,,,,
,,,,,,,,,,,,,,,,,,,,,,,,,,,,,,,,,,,,,,,,
,,,,,,,,,,,,,,,,Area 53 Festival 2025 Tickets,,,,,,,,,,,,,,,,,,,,,,,,
,,,,,,,,,,,,,,,,Metal On The Hill 2025 Tickets,,,,,,,,,,,,,,,,,,,,,,,,
,,,,,,,,,,,,,,,,Suncult,,,,,,,,,,,,,,,,,,,,,,,,
,,,,,,,,,,,,,,,,Wülde Hoamat,,,,,,,,,,,,,,,,,,,,,,,,
,,,,,,,,,,,,,,,,Jinjer,,,,,,,,,,,,,,,,,,,,,,,,
,,,,,,,,,,,,,,,,Evergrey,,,,,,,,,,,,,,,,,,,,,,,,
,,,,,,,,,,,,,,,,,,,,,,,,,,,,,,,,,,,,,,,,
,,,,,,,,,,,,,,,,,,,,,,,,,,,,,,,,,,,,,,,,
,,,,,,,,,,,,,,,,,,,,,,,,,,,,,,,,,,,,,,,,
,,,,,,,,,,,,,,,,50% OFF Merch,,,,,,,,,,,,,,,,,,,,,,,,
,,,,,,,,,,,,,,,,Save €200 Surprise Box,,,,,,,,,,,,,,,,,,,,,,,,
,,,,,,,,,,,,,,,,Hot Deals,,,,,,,,,,,,,,,,,,,,,,,,
,,,,,,,,,,,,,,,,Sale Items,,,,,,,,,,,,,,,,,,,,,,,,
,,,,,,,,,,,,,,,,Email Gift Cards,,,,,,,,,,,,,,,,,,,,,,,,
,,,,,,,,,,,,,,,,B2B Shop,,,,,,,,,,,,,,,,,,,,,,,,
,,,,,,,,,,,,,,,,Apply as a model,,,,,,,,,,,,,,,,,,,,,,,,
,,,,,,,,,,,,,,,,Label Website,,,,,,,,,,,,,,,,,,,,,,,,
,,,,,,,,,,,,,,,,Label Artists,,,,,,,,,,,,,,,,,,,,,,,,
,,,,,,,,,,,,,,,,Label Newsletter,,,,,,,,,,,,,,,,,,,,,,,,
,,,,,,,,,,,,,,,,Apply as a Band,,,,,,,,,,,,,,,,,,,,,,,,
,,,,,,,,,,,,,,,,Jobs,,,,,,,,,,,,,,,,,,,,,,,,
,,,,,,,,,,,,,,,,Napalm Events,,,,,,,,,,,,,,,,,,,,,,,,
,,,,,,,,,,,,,,,,Shipping costs,,,,,,,,,,,,,,,,,,,,,,,,
,,,,,,,,,,,,,,,,Discount Information,,,,,,,,,,,,,,,,,,,,,,,,
,,,,,,,,,,,,,,,,Bonus Points Eagles,,,,,,,,,,,,,,,,,,,,,,,,
,,,,,,,,,,,,,,,,Revocation / Returns,,,,,,,,,,,,,,,,,,,,,,,,
,,,,,,,,,,,,,,,,PSD2 Info,,,,,,,,,,,,,,,,,,,,,,,,
,,,,,,,,,,,,,,,,Terms and conditions,,,,,,,,,,,,,,,,,,,,,,,,
,,,,,,,,,,,,,,,,Privacy,,,,,,,,,,,,,,,,,,,,,,,,
,,,,,,,,,,,,,,,,Cookie Settings,,,,,,,,,,,,,,,,,,,,,,,,
,,,,,,,,,,,,,,,,FAQ,,,,,,,,,,,,,,,,,,,,,,,,
,,,,,,,,,,,,,,,,Track Order,,,,,,,,,,,,,,,,,,,,,,,,
,,,,,,,,,,,,,,,,Print Return Form,,,,,,,,,,,,,,,,,,,,,,,,
